iter	AUC	Logloss	AUC	Logloss	AUC	Logloss	AUC	Logloss	AUC	Logloss
0	0.908483871	0.3902248543	0.9254101382	0.3550058791	0.927778934	0.3486435275	0.9185677372	0.3634707505	0.929766519	0.3370244376
1	0.9121705069	0.3881725726	0.9301290323	0.3472397925	0.9330558446	0.3347694579	0.9213732004	0.3597184062	0.9359496124	0.3219365582
2	0.913202765	0.3927702144	0.9326820276	0.344788553	0.9353127529	0.3308604697	0.9222960502	0.3588487933	0.9341177556	0.3282339321
3	0.9090737327	0.3906863615	0.9271198157	0.3500391395	0.9301052145	0.3435854972	0.9209256183	0.3597154814	0.9303848283	0.3356493264
4	0.9108341014	0.3940282959	0.9289124424	0.3515682471	0.9327228581	0.3365730461	0.92214378	0.3572684818	0.9356035437	0.3234225541
5	0.912764977	0.3969005594	0.9313917051	0.351758449	0.9351046364	0.3323373928	0.9232511997	0.3578866433	0.9335548173	0.3314311868
