iter	Logloss
0	0.2403114715
1	0.2104782701
2	0.1930141017
3	0.2288536463
4	0.2013092276
5	0.1831072375
